--
-- PostgreSQL database dump
--

-- Dumped from database version 12.9 (Ubuntu 12.9-2.pgdg20.04+1)
-- Dumped by pg_dump version 12.9 (Ubuntu 12.9-2.pgdg20.04+1)

SET statement_timeout = 0;
SET lock_timeout = 0;
SET idle_in_transaction_session_timeout = 0;
SET client_encoding = 'UTF8';
SET standard_conforming_strings = on;
SELECT pg_catalog.set_config('search_path', '', false);
SET check_function_bodies = false;
SET xmloption = content;
SET client_min_messages = warning;
SET row_security = off;

DROP DATABASE universe;
--
-- Name: universe; Type: DATABASE; Schema: -; Owner: freecodecamp
--

CREATE DATABASE universe WITH TEMPLATE = template0 ENCODING = 'UTF8' LC_COLLATE = 'C.UTF-8' LC_CTYPE = 'C.UTF-8';


ALTER DATABASE universe OWNER TO freecodecamp;

\connect universe

SET statement_timeout = 0;
SET lock_timeout = 0;
SET idle_in_transaction_session_timeout = 0;
SET client_encoding = 'UTF8';
SET standard_conforming_strings = on;
SELECT pg_catalog.set_config('search_path', '', false);
SET check_function_bodies = false;
SET xmloption = content;
SET client_min_messages = warning;
SET row_security = off;

SET default_tablespace = '';

SET default_table_access_method = heap;

--
-- Name: galaxy; Type: TABLE; Schema: public; Owner: freecodecamp
--

CREATE TABLE public.galaxy (
    galaxy_id integer NOT NULL,
    name character varying(30) NOT NULL,
    description text,
    has_life boolean,
    is_spherical boolean,
    age_in_millions_of_years integer,
    distance_from_earth numeric,
    supercluster_id integer NOT NULL
);


ALTER TABLE public.galaxy OWNER TO freecodecamp;

--
-- Name: galaxy_id_seq; Type: SEQUENCE; Schema: public; Owner: freecodecamp
--

CREATE SEQUENCE public.galaxy_id_seq
    AS integer
    START WITH 1
    INCREMENT BY 1
    NO MINVALUE
    NO MAXVALUE
    CACHE 1;


ALTER TABLE public.galaxy_id_seq OWNER TO freecodecamp;

--
-- Name: galaxy_id_seq; Type: SEQUENCE OWNED BY; Schema: public; Owner: freecodecamp
--

ALTER SEQUENCE public.galaxy_id_seq OWNED BY public.galaxy.galaxy_id;


--
-- Name: moon; Type: TABLE; Schema: public; Owner: freecodecamp
--

CREATE TABLE public.moon (
    moon_id integer NOT NULL,
    name character varying(30) NOT NULL,
    description text,
    has_life boolean,
    is_spherical boolean,
    age_in_millions_of_years integer,
    distance_from_earth numeric,
    planet_id integer NOT NULL
);


ALTER TABLE public.moon OWNER TO freecodecamp;

--
-- Name: moon_id_seq; Type: SEQUENCE; Schema: public; Owner: freecodecamp
--

CREATE SEQUENCE public.moon_id_seq
    AS integer
    START WITH 1
    INCREMENT BY 1
    NO MINVALUE
    NO MAXVALUE
    CACHE 1;


ALTER TABLE public.moon_id_seq OWNER TO freecodecamp;

--
-- Name: moon_id_seq; Type: SEQUENCE OWNED BY; Schema: public; Owner: freecodecamp
--

ALTER SEQUENCE public.moon_id_seq OWNED BY public.moon.moon_id;


--
-- Name: planet; Type: TABLE; Schema: public; Owner: freecodecamp
--

CREATE TABLE public.planet (
    planet_id integer NOT NULL,
    name character varying(30) NOT NULL,
    description text,
    has_life boolean,
    is_spherical boolean,
    age_in_millions_of_years integer,
    distance_from_earth numeric,
    star_id integer NOT NULL
);


ALTER TABLE public.planet OWNER TO freecodecamp;

--
-- Name: planet_id_seq; Type: SEQUENCE; Schema: public; Owner: freecodecamp
--

CREATE SEQUENCE public.planet_id_seq
    AS integer
    START WITH 1
    INCREMENT BY 1
    NO MINVALUE
    NO MAXVALUE
    CACHE 1;


ALTER TABLE public.planet_id_seq OWNER TO freecodecamp;

--
-- Name: planet_id_seq; Type: SEQUENCE OWNED BY; Schema: public; Owner: freecodecamp
--

ALTER SEQUENCE public.planet_id_seq OWNED BY public.planet.planet_id;


--
-- Name: star; Type: TABLE; Schema: public; Owner: freecodecamp
--

CREATE TABLE public.star (
    star_id integer NOT NULL,
    name character varying(30) NOT NULL,
    description text,
    has_life boolean,
    is_spherical boolean,
    age_in_millions_of_years integer,
    distance_from_earth numeric,
    galaxy_id integer NOT NULL
);


ALTER TABLE public.star OWNER TO freecodecamp;

--
-- Name: star_id_seq; Type: SEQUENCE; Schema: public; Owner: freecodecamp
--

CREATE SEQUENCE public.star_id_seq
    AS integer
    START WITH 1
    INCREMENT BY 1
    NO MINVALUE
    NO MAXVALUE
    CACHE 1;


ALTER TABLE public.star_id_seq OWNER TO freecodecamp;

--
-- Name: star_id_seq; Type: SEQUENCE OWNED BY; Schema: public; Owner: freecodecamp
--

ALTER SEQUENCE public.star_id_seq OWNED BY public.star.star_id;


--
-- Name: supercluster; Type: TABLE; Schema: public; Owner: freecodecamp
--

CREATE TABLE public.supercluster (
    supercluster_id integer NOT NULL,
    name character varying(30) NOT NULL,
    description text,
    has_life boolean,
    is_spherical boolean,
    age_in_millions_of_years integer,
    distance_from_earth numeric
);


ALTER TABLE public.supercluster OWNER TO freecodecamp;

--
-- Name: supercluster_supercluster_id_seq; Type: SEQUENCE; Schema: public; Owner: freecodecamp
--

CREATE SEQUENCE public.supercluster_supercluster_id_seq
    AS integer
    START WITH 1
    INCREMENT BY 1
    NO MINVALUE
    NO MAXVALUE
    CACHE 1;


ALTER TABLE public.supercluster_supercluster_id_seq OWNER TO freecodecamp;

--
-- Name: supercluster_supercluster_id_seq; Type: SEQUENCE OWNED BY; Schema: public; Owner: freecodecamp
--

ALTER SEQUENCE public.supercluster_supercluster_id_seq OWNED BY public.supercluster.supercluster_id;


--
-- Name: galaxy galaxy_id; Type: DEFAULT; Schema: public; Owner: freecodecamp
--

ALTER TABLE ONLY public.galaxy ALTER COLUMN galaxy_id SET DEFAULT nextval('public.galaxy_id_seq'::regclass);


--
-- Name: moon moon_id; Type: DEFAULT; Schema: public; Owner: freecodecamp
--

ALTER TABLE ONLY public.moon ALTER COLUMN moon_id SET DEFAULT nextval('public.moon_id_seq'::regclass);


--
-- Name: planet planet_id; Type: DEFAULT; Schema: public; Owner: freecodecamp
--

ALTER TABLE ONLY public.planet ALTER COLUMN planet_id SET DEFAULT nextval('public.planet_id_seq'::regclass);


--
-- Name: star star_id; Type: DEFAULT; Schema: public; Owner: freecodecamp
--

ALTER TABLE ONLY public.star ALTER COLUMN star_id SET DEFAULT nextval('public.star_id_seq'::regclass);


--
-- Name: supercluster supercluster_id; Type: DEFAULT; Schema: public; Owner: freecodecamp
--

ALTER TABLE ONLY public.supercluster ALTER COLUMN supercluster_id SET DEFAULT nextval('public.supercluster_supercluster_id_seq'::regclass);


--
-- Data for Name: galaxy; Type: TABLE DATA; Schema: public; Owner: freecodecamp
--

INSERT INTO public.galaxy VALUES (1, 'Milky Way', NULL, NULL, NULL, NULL, NULL, 1);
INSERT INTO public.galaxy VALUES (2, 'Canis Major Dwarf', NULL, NULL, NULL, NULL, NULL, 1);
INSERT INTO public.galaxy VALUES (3, 'Draco II', NULL, NULL, NULL, NULL, NULL, 1);
INSERT INTO public.galaxy VALUES (4, 'Tucana III', NULL, NULL, NULL, NULL, NULL, 1);
INSERT INTO public.galaxy VALUES (5, 'Segue 1', NULL, NULL, NULL, NULL, NULL, 1);
INSERT INTO public.galaxy VALUES (6, 'SagDEG', NULL, NULL, NULL, NULL, NULL, 1);


--
-- Data for Name: moon; Type: TABLE DATA; Schema: public; Owner: freecodecamp
--

INSERT INTO public.moon VALUES (1, 'Moon', NULL, NULL, NULL, NULL, NULL, 3);
INSERT INTO public.moon VALUES (2, 'Phobos', NULL, NULL, NULL, NULL, NULL, 4);
INSERT INTO public.moon VALUES (3, 'Deimos', NULL, NULL, NULL, NULL, NULL, 4);
INSERT INTO public.moon VALUES (4, 'Ganymede', NULL, NULL, NULL, NULL, NULL, 5);
INSERT INTO public.moon VALUES (5, 'Callisto', NULL, NULL, NULL, NULL, NULL, 5);
INSERT INTO public.moon VALUES (6, 'Io', NULL, NULL, NULL, NULL, NULL, 5);
INSERT INTO public.moon VALUES (7, 'Europa', NULL, NULL, NULL, NULL, NULL, 5);
INSERT INTO public.moon VALUES (8, 'Amalthea', NULL, NULL, NULL, NULL, NULL, 5);
INSERT INTO public.moon VALUES (9, 'Himalia', NULL, NULL, NULL, NULL, NULL, 5);
INSERT INTO public.moon VALUES (10, 'Thebe', NULL, NULL, NULL, NULL, NULL, 5);
INSERT INTO public.moon VALUES (11, 'Elara', NULL, NULL, NULL, NULL, NULL, 5);
INSERT INTO public.moon VALUES (12, 'Pasiphae', NULL, NULL, NULL, NULL, NULL, 5);
INSERT INTO public.moon VALUES (13, 'Carme', NULL, NULL, NULL, NULL, NULL, 5);
INSERT INTO public.moon VALUES (14, 'Metis', NULL, NULL, NULL, NULL, NULL, 5);
INSERT INTO public.moon VALUES (15, 'Lysithea', NULL, NULL, NULL, NULL, NULL, 5);
INSERT INTO public.moon VALUES (16, 'Sinope', NULL, NULL, NULL, NULL, NULL, 5);
INSERT INTO public.moon VALUES (17, 'Ananke', NULL, NULL, NULL, NULL, NULL, 5);
INSERT INTO public.moon VALUES (18, 'Leda', NULL, NULL, NULL, NULL, NULL, 5);
INSERT INTO public.moon VALUES (19, 'Adrastea', NULL, NULL, NULL, NULL, NULL, 5);
INSERT INTO public.moon VALUES (20, 'Callirrhoe', NULL, NULL, NULL, NULL, NULL, 5);


--
-- Data for Name: planet; Type: TABLE DATA; Schema: public; Owner: freecodecamp
--

INSERT INTO public.planet VALUES (1, 'Mercury', NULL, NULL, NULL, NULL, NULL, 1);
INSERT INTO public.planet VALUES (2, 'Venus', NULL, NULL, NULL, NULL, NULL, 1);
INSERT INTO public.planet VALUES (3, 'Earth', NULL, NULL, NULL, NULL, NULL, 1);
INSERT INTO public.planet VALUES (4, 'Mars', NULL, NULL, NULL, NULL, NULL, 1);
INSERT INTO public.planet VALUES (5, 'Jupiter', NULL, NULL, NULL, NULL, NULL, 1);
INSERT INTO public.planet VALUES (6, 'Saturn', NULL, NULL, NULL, NULL, NULL, 1);
INSERT INTO public.planet VALUES (7, 'Uranus', NULL, NULL, NULL, NULL, NULL, 1);
INSERT INTO public.planet VALUES (8, 'Neptune', NULL, NULL, NULL, NULL, NULL, 1);
INSERT INTO public.planet VALUES (9, 'Pluto', NULL, NULL, NULL, NULL, NULL, 1);
INSERT INTO public.planet VALUES (10, 'D', NULL, NULL, NULL, NULL, NULL, 2);
INSERT INTO public.planet VALUES (11, 'B', NULL, NULL, NULL, NULL, NULL, 2);
INSERT INTO public.planet VALUES (12, 'C', NULL, NULL, NULL, NULL, NULL, 2);


--
-- Data for Name: star; Type: TABLE DATA; Schema: public; Owner: freecodecamp
--

INSERT INTO public.star VALUES (1, 'Sun', NULL, NULL, NULL, NULL, NULL, 1);
INSERT INTO public.star VALUES (2, 'Proxima Centauri', NULL, NULL, NULL, NULL, NULL, 1);
INSERT INTO public.star VALUES (3, 'Rigil Kentaurus', NULL, NULL, NULL, NULL, NULL, 1);
INSERT INTO public.star VALUES (4, 'Toliman', NULL, NULL, NULL, NULL, NULL, 1);
INSERT INTO public.star VALUES (5, 'Barnards Star', NULL, NULL, NULL, NULL, NULL, 1);
INSERT INTO public.star VALUES (6, 'Wolf 359', NULL, NULL, NULL, NULL, NULL, 1);


--
-- Data for Name: supercluster; Type: TABLE DATA; Schema: public; Owner: freecodecamp
--

INSERT INTO public.supercluster VALUES (1, 'Virgo', NULL, NULL, NULL, NULL, NULL);
INSERT INTO public.supercluster VALUES (2, 'Coma', NULL, NULL, NULL, NULL, NULL);
INSERT INTO public.supercluster VALUES (3, 'Hydra', NULL, NULL, NULL, NULL, NULL);


--
-- Name: galaxy_id_seq; Type: SEQUENCE SET; Schema: public; Owner: freecodecamp
--

SELECT pg_catalog.setval('public.galaxy_id_seq', 6, true);


--
-- Name: moon_id_seq; Type: SEQUENCE SET; Schema: public; Owner: freecodecamp
--

SELECT pg_catalog.setval('public.moon_id_seq', 20, true);


--
-- Name: planet_id_seq; Type: SEQUENCE SET; Schema: public; Owner: freecodecamp
--

SELECT pg_catalog.setval('public.planet_id_seq', 12, true);


--
-- Name: star_id_seq; Type: SEQUENCE SET; Schema: public; Owner: freecodecamp
--

SELECT pg_catalog.setval('public.star_id_seq', 6, true);


--
-- Name: supercluster_supercluster_id_seq; Type: SEQUENCE SET; Schema: public; Owner: freecodecamp
--

SELECT pg_catalog.setval('public.supercluster_supercluster_id_seq', 3, true);


--
-- Name: galaxy galaxy_name_key; Type: CONSTRAINT; Schema: public; Owner: freecodecamp
--

ALTER TABLE ONLY public.galaxy
    ADD CONSTRAINT galaxy_name_key UNIQUE (name);


--
-- Name: galaxy galaxy_pkey; Type: CONSTRAINT; Schema: public; Owner: freecodecamp
--

ALTER TABLE ONLY public.galaxy
    ADD CONSTRAINT galaxy_pkey PRIMARY KEY (galaxy_id);


--
-- Name: moon moon_name_key; Type: CONSTRAINT; Schema: public; Owner: freecodecamp
--

ALTER TABLE ONLY public.moon
    ADD CONSTRAINT moon_name_key UNIQUE (name);


--
-- Name: moon moon_pkey; Type: CONSTRAINT; Schema: public; Owner: freecodecamp
--

ALTER TABLE ONLY public.moon
    ADD CONSTRAINT moon_pkey PRIMARY KEY (moon_id);


--
-- Name: planet planet_name_key; Type: CONSTRAINT; Schema: public; Owner: freecodecamp
--

ALTER TABLE ONLY public.planet
    ADD CONSTRAINT planet_name_key UNIQUE (name);


--
-- Name: planet planet_pkey; Type: CONSTRAINT; Schema: public; Owner: freecodecamp
--

ALTER TABLE ONLY public.planet
    ADD CONSTRAINT planet_pkey PRIMARY KEY (planet_id);


--
-- Name: star star_name_key; Type: CONSTRAINT; Schema: public; Owner: freecodecamp
--

ALTER TABLE ONLY public.star
    ADD CONSTRAINT star_name_key UNIQUE (name);


--
-- Name: star star_pkey; Type: CONSTRAINT; Schema: public; Owner: freecodecamp
--

ALTER TABLE ONLY public.star
    ADD CONSTRAINT star_pkey PRIMARY KEY (star_id);


--
-- Name: supercluster supercluster_name_key; Type: CONSTRAINT; Schema: public; Owner: freecodecamp
--

ALTER TABLE ONLY public.supercluster
    ADD CONSTRAINT supercluster_name_key UNIQUE (name);


--
-- Name: supercluster supercluster_pkey; Type: CONSTRAINT; Schema: public; Owner: freecodecamp
--

ALTER TABLE ONLY public.supercluster
    ADD CONSTRAINT supercluster_pkey PRIMARY KEY (supercluster_id);


--
-- Name: star fk_galaxy_id; Type: FK CONSTRAINT; Schema: public; Owner: freecodecamp
--

ALTER TABLE ONLY public.star
    ADD CONSTRAINT fk_galaxy_id FOREIGN KEY (galaxy_id) REFERENCES public.galaxy(galaxy_id);


--
-- Name: moon fk_planet_id; Type: FK CONSTRAINT; Schema: public; Owner: freecodecamp
--

ALTER TABLE ONLY public.moon
    ADD CONSTRAINT fk_planet_id FOREIGN KEY (planet_id) REFERENCES public.planet(planet_id);


--
-- Name: planet fk_star_id; Type: FK CONSTRAINT; Schema: public; Owner: freecodecamp
--

ALTER TABLE ONLY public.planet
    ADD CONSTRAINT fk_star_id FOREIGN KEY (star_id) REFERENCES public.star(star_id);


--
-- Name: galaxy fk_supercluster_id; Type: FK CONSTRAINT; Schema: public; Owner: freecodecamp
--

ALTER TABLE ONLY public.galaxy
    ADD CONSTRAINT fk_supercluster_id FOREIGN KEY (supercluster_id) REFERENCES public.supercluster(supercluster_id);


--
-- PostgreSQL database dump complete
--